ProviderNumber,HospitalName,Address1,Address2,Address3,City,State,ZipCode,CountyName,PhoneNumber,HospitalType,HospitalOwner,EmergencyService,Condition,MeasureCode,MeasureName,Score,Sample,Stateavg
20017,alaska regional hospital,2801 debarr road,,,anchorage,ak,99508,anchorage,9072761131,acute care hospitals,proprietary,yes,surgical infection prevention,scip-inf-3,surgery patients whose preventive antibiotics were stopped at the right time (within 24 hours after surgery),88%,499 patients,ak_scip-inf-3
20017,alaska regional hospital,2801 debarr road,,,anchorage,ak,99508,anchorage,9072761131,acute care hospitals,proprietary,yes,surgical infection prevention,scip-inf-2,surgery patients who were given the  right kind  of antibiotic to help prevent infection,98%,521 patients,ak_scip-inf-2
20017,alaska regional hospital,2801 debarr road,,,anchorage,ak,99508,anchorage,9072761131,acute care hospitals,proprietary,yes,surgical infection prevention,scip-inf-6,surgery patients needing hair removed from the surgical area before surgery who had hair removed using a safer method (electric clippers or hair removal cream c not a razor),100%,690 patients,ak_scip-inf-6
20017,alaska regional hospital,2801 debarr road,,,anchorage,ak,99508,anchorage,9072761131,acute care hospitals,proprietary,yes,surgical infection prevention,scip-inf-6,surgery patients needing hair removed from the surgical area before surgery who had hair removed using a safer method (electric clippers or hair removal cream c not a razor),100%,690 patients,ak_scip-inf-6
10036,andalusia regional hospital,849 south three notch street,,,andalusia,al,36420,covington,3342228466,acute care hospitals,proprietary,no,heart attack,ami-8a,heart attack patients given pci within 90 minutes of arrival,,0 patients,al_ami-8a
10036,andalusia regional hospital,849 south three notch street,,,andalusia,al,36420,covington,3342228466,acute care hospitals,proprietary,no,heart attack,ami-8a,heart attack patients given pci within 90 minutes of arrival,,0 patients,al_ami-8a
10036,andalusia regional hospital,849 south three notch street,,,andalusia,al,36420,covington,3342228466,acute care hospitals,proprietary,no,surgical infection prevention,scip-inf-2,surgery patients who were given the  right kind  of antibiotic to help prevent infection,88%,141 patients,al_scip-inf-2
10036,andalusia regional hospital,849 south three notch street,,,andalusia,al,36420,covington,3342228466,acute care hospitals,proprietary,no,heart attack,ami-2,heart attack patients given aspirin at discharge,60%,5 patients,al_ami-2
10036,andalusia regional hospital,849 south three notch street,,,andalusia,al,36420,covington,3342228466,acute care hospitals,proprietary,no,heart failure,hf-1,heart failure patients given discharge instructions,100%,121 patients,al_hf-1
10036,andalusia regional hospital,849 south three notch street,,,andalusia,al,36420,covington,3342228466,acute care hospitals,proprietary,no,pneumonia,pn-3b,pneumonia patients whose initial emergency room blood culture was performed prior to the administration of the first hospital dose of antibiotics,89%,55 patients,al_pn-3b
10036,andalusia regional hospital,849 south three notch street,,,andalusia,al,36420,covington,3342228466,acute care hospitals,proprietary,no,surgical infection prevention,scip-vte-1,surgery patients whose doctors ordered treatments to prevent blood clots after certain types of surgeries,80%,66 patients,al_scip-vte-1
10023,baptist medical center south,2105 east south boulevard,,,montgomery,al,36116,montgomery,3342882100,acute care hospitals,voluntary non-profit - church,yes,heart failure,hf-2,heart failure patients given an evaluation of left ventricular systolic (lvs) function,100%,292 patients,al_hf-2
10023,baptist medical center south,2105 east south boulevard,,,montgomery,al,36116,montgomery,3342882100,acute care hospitals,voluntary non-profit - church,yes,heart attack,ami-3,heart attack patients given ace inhibitor or arb for left ventricular systolic dysfunction (lvsd),100%,53 patients,al_ami-3
10023,baptist medical center south,2105 east south boulevard,,,montgomery,al,36116,montgomery,3342882100,acute care hospitals,voluntary non-profit - church,yes,surgical infection prevention,scip-inf-1,surgery patients who were given an antibiotic at the right time (within one hour before surgery) to help prevent infection,97%,412 patients,al_scip-inf-1
10023,baptist medical center south,2105 east south boulevard,,,montgomery,al,36116,montgomery,3342882100,acute care hospitals,voluntary non-profit - church,yes,heart failure,hf-4,heart failure patients given smoking cessation advice/counseling,100%,77 patients,al_hf-4
10023,baptist medical center south,2105 east south boulevard,,,montgomery,al,36116,montgomery,3342882100,acute care hospitals,voluntary non-profit - church,yes,surgical infection prevention,scip-vte-2,patients who got treatment  at the right time (within 24 hours before or after their surgery) to help prevent blood clots after certain types of surgery,94%,179 patients,al_scip-vte-2
10023,baptist medical center south,2105 east south boulevard,,,montgomery,al,36116,montgomery,3342882100,acute care hospitals,voluntary non-profit - church,yes,heart failure,hf-4,heart failure patients given smoking cessation advice/counseling,100%,77 patients,al_hf-4
10023,baptist medical center south,2105 east south boulevard,,,montgomery,al,36116,montgomery,3342882100,acute care hospitals,voluntary non-profit - church,yes,pneumonia,pn-2,pneumonia patients assessed and given pneumococcal vaccination,94%,99 patients,al_pn-2
10023,baptist medical center south,2105 east south boulevard,,,montgomery,al,36116,montgomery,3342882100,acute care hospitals,voluntary non-profit - church,yes,pneumonia,pn-5c,pneumonia patients given initial antibiotic(s) within 6 hours after arrival,95%,101 patients,al_pn-5c
10018,callahan eye foundation hospital,1720 university blvd,,,birmingham,al,35233,jefferson,2053258100,acute care hospitals,voluntary non-profit - private,yes,heart attack,ami-5,heart attack patients given beta blocker at discharge,,,al_ami-5
10018,callahan eye foundation hospital,1720 university blvd,,,birmingham,al,35233,jefferson,2053258100,acute care hospitals,voluntary non-profit - private,yes,heart attack,ami-4,heart attack patients given smoking cessation advice/counseling,,,al_ami-4
10018,callahan eye foundation hospital,1720 university blvd,,,birmingham,al,35233,jefferson,2053258100,acute care hospitals,voluntary non-profit - private,yes,surgical infection prevention,scip-vte-1,surgery patients whose doctors ordered treatments to prevent blood clots after certain types of surgeries,,,al_scip-vte-1
10018,callahan eye foundation hospital,1720 university blvd,,,birmingham,al,35233,jefferson,2053258100,acute care hospitals,voluntary non-profit - private,yes,heart attack,ami-5,heart attack patients given beta blocker at discharge,,,al_ami-5
10018,callahan eye foundation hospital,1720 university blvd,,,birmingham,al,35233,jefferson,2053258100,acute care hospitals,voluntary non-profit - private,yes,heart attack,ami-2,heart attack patients given aspirin at discharge,,,al_ami-2
10022,cherokee medical center,400 northwood dr,,,centre,al,35960,cherokee,2569275531,acute care hospitals,voluntary non-profit - private,yes,heart attack,ami-7a,heart attack patients given fibrinolytic medication within 30 minutes of arrival,,0 patients,al_ami-7a
10022,cherokee medical center,400 northwood dr,,,centre,al,35960,cherokee,2569275531,acute care hospitals,voluntary non-profit - private,yes,heart failure,hf-2,heart failure patients given an evaluation of left ventricular systolic (lvs) function,94%,48 patients,al_hf-2
10022,cherokee medical center,400 northwood dr,,,centre,al,35960,cherokee,2569275531,acute care hospitals,voluntary non-profit - private,yes,heart attack,ami-2,heart attack patients given aspirin at discharge,100%,1 patients,al_ami-2
10022,cherokee medical center,400 northwood dr,,,centre,al,35960,cherokee,2569275531,acute care hospitals,voluntary non-profit - private,yes,surgical infection prevention,scip-inf-4,all heart surgery patients whose blood sugar (blood glucose) is kept under good control in the days right after surgery,,0 patients,al_scip-inf-4
10022,cherokee medical center,400 northwood dr,,,centre,al,35960,cherokee,2569275531,acute care hospitals,voluntary non-profit - private,yes,surgical infection prevention,scip-inf-2,surgery patients who were given the  right kind  of antibiotic to help prevent infection,100%,2 patients,al_scip-inf-2
10022,cherokee medical center,400 northwood dr,,,centre,al,35960,cherokee,2569275531,acute care hospitals,voluntary non-profit - private,yes,surgical infection prevention,scip-inf-2,surgery patients who were given the  right kind  of antibiotic to help prevent infection,100%,2 patients,al_scip-inf-2
10043,chilton medical center,1010 lay dam road,,,clanton,al,35045,chilton,2057552500,acute care hospitals,voluntary non-profit - private,yes,pneumonia,pn-6,pneumonia patients given the most appropriate initial antibiotic(s),95%,38 patients,al_pn-6
10043,chilton medical center,1010 lay dam road,,,clanton,al,35045,chilton,2057552500,acute care hospitals,voluntary non-profit - private,yes,heart failure,hf-3,heart failure patients given ace inhibitor or arb for left ventricular systolic dysfunction (lvsd),75%,4 patients,al_hf-3
10034,community hospital inc,805 friendship road,,,tallassee,al,36078,elmore,3342836541,acute care hospitals,voluntary non-profit - private,no,heart attack,ami-4,heart attack patients given smoking cessation advice/counseling,,0 patients,al_ami-4
10034,community hospital inc,805 friendship road,,,tallassee,al,36078,elmore,3342836541,acute care hospitals,voluntary non-profit - private,no,heart attack,ami-7a,heart attack patients given fibrinolytic medication within 30 minutes of arrival,,0 patients,al_ami-7a
10034,community hospital inc,805 friendship road,,,tallassee,al,36078,elmore,3342836541,acute care hospitals,voluntary non-profit - private,no,surgical infection prevention,scip-vte-2,patients who got treatment  at the right time (within 24 hours before or after their surgery) to help prevent blood clots after certain types of surgery,88%,24 patients,al_scip-vte-2
10034,community hospital inc,805 friendship road,,,tallassee,al,36078,elmore,3342836541,acute care hospitals,voluntary non-profit - private,no,heart attack,ami-2,heart attack patients given aspirin at discharge,100%,4 patients,al_ami-2
10034,community hospital inc,805 friendship road,,,tallassee,al,36078,elmore,3342836541,acute care hospitals,voluntary non-profit - private,no,pneumonia,pn-5c,pneumonia patients given initial antibiotic(s) within 6 hours after arrival,97%,71 patients,al_pn-5c
10164,coosa valley medical center,315 w hickory st,,,sylacauga,al,35150,talladega,2562495000,acute care hospitals,voluntary non-profit - other,no,heart attack,ami-5,heart attack patients given beta blocker at discharge,100%,4 patients,al_ami-5
10164,coosa valley medical center,315 w hickory st,,,sylacauga,al,35150,talladega,2562495000,acute care hospitals,voluntary non-profit - other,no,pneumonia,pn-4,pneumonia patients given smoking cessation advice/counseling,100%,47 patients,al_pn-4
10164,coosa valley medical center,315 w hickory st,,,sylacauga,al,35150,talladega,2562495000,acute care hospitals,voluntary non-profit - other,no,pneumonia,pn-3b,pneumonia patients whose initial emergency room blood culture was performed prior to the administration of the first hospital dose of antibiotics,97%,95 patients,al_pn-3b
10164,coosa valley medical center,315 w hickory st,,,sylacauga,al,35150,talladega,2562495000,acute care hospitals,voluntary non-profit - other,no,pneumonia,pn-5c,pneumonia patients given initial antibiotic(s) within 6 hours after arrival,97%,101 patients,al_pn-5c
10164,coosa valley medical center,315 w hickory st,,,sylacauga,al,35150,talladega,2562495000,acute care hospitals,voluntary non-profit - other,no,heart attack,ami-7a,heart attack patients given fibrinolytic medication within 30 minutes of arrival,,0 patients,al_ami-7a
10008,crenshaw community hospital,101 hospital circle,,,luverne,al,36049,crenshaw,3343353374,acute care hospitals,government - federal,yes,surgical infection prevention,scip-inf-4,all heart surgery patients whose blood sugar (blood glucose) is kept under good control in the days right after surgery,,0 patients,al_scip-inf-4
10008,crenshaw community hospital,101 hospital circle,,,luverne,al,36049,crenshaw,3343353374,acute care hospitals,government - federal,yes,heart attack,ami-3,heart attack patients given ace inhibitor or arb for left ventricular systolic dysfunction (lvsd),,0 patients,al_ami-3
10008,crenshaw community hospital,101 hospital circle,,,luverne,al,36049,crenshaw,3343353374,acute care hospitals,government - federal,yes,surgical infection prevention,scip-vte-1,surgery patients whose doctors ordered treatments to prevent blood clots after certain types of surgeries,100%,4 patients,al_scip-vte-1
10008,crenshaw community hospital,101 hospital circle,,,luverne,al,36049,crenshaw,3343353374,acute care hospitals,government - federal,yes,heart failure,hf-2,heart failure patients given an evaluation of left ventricular systolic (lvs) function,72%,39 patients,al_hf-2
10008,crenshaw community hospital,101 hospital circle,,,luverne,al,36049,crenshaw,3343353374,acute care hospitals,government - federal,yes,heart attack,ami-5,heart attack patients given beta blocker at discharge,0%,1 patients,al_ami-5
10035,cullman regional medical center,1912 alabama highway 157,,,cullman,al,35058,cullman,2567372000,acute care hospitals,government - hospital district or authority,yes,pneumonia,pn-7,pneumonia patients assessed and given influenza vaccination,98%,125 patients,al_pn-7
10035,cullman regional medical center,1912 alabama highway 157,,,cullman,al,35058,cullman,2567372000,acute care hospitals,government - hospital district or authority,yes,heart failure,hf-3,heart failure patients given ace inhibitor or arb for left ventricular systolic dysfunction (lvsd),97%,37 patients,al_hf-3
10021,dale medical center,126 hospital ave,,,ozark,al,36360,dale,3347742601,acute care hospitals,government - hospital district or authority,yes,surgical infection prevention,scip-card-2,surgery patients who were taking heart drugs called beta blockers before coming to the hospital who were kept on the beta blockers during the period just before and after their surgery,100%,12 patients,al_scip-card-2
10021,dale medical center,126 hospital ave,,,ozark,al,36360,dale,3347742601,acute care hospitals,government - hospital district or authority,yes,surgical infection prevention,scip-inf-6,surgery patients needing hair removed from the surgical area before surgery who had hair removed using a safer method (electric clippers or hair removal cream c not a razor),100%,94 patients,al_scip-inf-6
10021,dale medical center,126 hospital ave,,,ozark,al,36360,dale,3347742601,acute care hospitals,government - hospital district or authority,yes,heart failure,hf-1,heart failure patients given discharge instructions,66%,79 patients,al_hf-1
10021,dale medical center,126 hospital ave,,,ozark,al,36360,dale,3347742601,acute care hospitals,government - hospital district or authority,yes,pneumonia,pn-4,pneumonia patients given smoking cessation advice/counseling,87%,39 patients,al_pn-4
10021,dale medical center,126 hospital ave,,,ozark,al,36360,dale,3347742601,acute care hospitals,government - hospital district or authority,yes,heart attack,ami-8a,heart attack patients given pci within 90 minutes of arrival,,0 patients,al_ami-8a
10012,dekalb regional medical center,200 med center drive,,,fort payne,al,35968,de kalb,2568453150,acute care hospitals,voluntary non-profit - church,yes,heart attack,ami-1,heart attack patients given aspirin at arrival,100%,46 patients,al_ami-1
10012,dekalb regional medical center,200 med center drive,,,fort payne,al,35968,de kalb,2568453150,acute care hospitals,voluntary non-profit - church,yes,surgical infection prevention,scip-inf-1,surgery patients who were given an antibiotic at the right time (within one hour before surgery) to help prevent infection,97%,139 patients,al_scip-inf-1
10012,dekalb regional medical center,200 med center drive,,,fort payne,al,35968,de kalb,2568453150,acute care hospitals,voluntary non-profit - church,yes,pneumonia,pn-4,pneumonia patients given smoking cessation advice/counseling,100%,37 patients,al_pn-4
10029,east alabama medical center and snf,2000 pepperell parkway,,,opelika,al,36801,lee,3347493411,acute care hospitals,government - hospital district or authority,yes,heart attack,ami-1,heart attack patients given aspirin at arrival,98%,185 patients,al_ami-1
10027,elba general hospital,987 drayton street,,,elba,al,36323,coffee,3348972257,acute care hospitals,voluntary non-profit - other,yes,pneumonia,pn-7,pneumonia patients assessed and given influenza vaccination,100%,23 patients,al_pn-7
10027,elba general hospital,987 drayton street,,,elba,al,36323,coffee,3348972257,acute care hospitals,voluntary non-profit - other,yes,pneumonia,pn-5c,pneumonia patients given initial antibiotic(s) within 6 hours after arrival,100%,40 patients,al_pn-5c
10027,elba general hospital,987 drayton street,,,elba,al,36323,coffee,3348972257,acute care hospitals,voluntary non-profit - other,yes,pneumonia,pn-7,pneumonia patients assessed and given influenza vaccination,100%,23 patients,al_pn-7
10027,elba general hospital,987 drayton street,,,elba,al,36323,coffee,3348972257,acute care hospitals,voluntary non-profit - other,yes,surgical infection prevention,scip-inf-4,all heart surgery patients whose blood sugar (blood glucose) is kept under good control in the days right after surgery,,,al_scip-inf-4
10027,elba general hospital,987 drayton street,,,elba,al,36323,coffee,3348972257,acute care hospitals,voluntary non-profit - other,yes,pneumonia,pn-3b,pneumonia patients whose initial emergency room blood culture was performed prior to the administration of the first hospital dose of antibiotics,100%,19 patients,al_pn-3b
10027,elba general hospital,987 drayton street,,,elba,al,36323,coffee,3348972257,acute care hospitals,voluntary non-profit - other,yes,heart failure,hf-2,heart failure patients given an evaluation of left ventricular systolic (lvs) function,100%,3 patients,al_hf-2
10006,eliza coffee memorial hospital,205 marengo street,,,florence,al,35631,lauderdale,2567688400,acute care hospitals,voluntary non-profit - other,yes,surgical infection prevention,scip-card-2,surgery patients who were taking heart drugs called beta blockers before coming to the hospital who were kept on the beta blockers during the period just before and after their surgery,96%,107 patients,al_scip-card-2
10006,eliza coffee memorial hospital,205 marengo street,,,florence,al,35631,lauderdale,2567688400,acute care hospitals,voluntary non-profit - other,yes,heart failure,hf-4,heart failure patients given smoking cessation advice/counseling,100%,53 patients,al_hf-4
10006,eliza coffee memorial hospital,205 marengo street,,,florence,al,35631,lauderdale,2567688400,acute care hospitals,voluntary non-profit - other,yes,surgical infection prevention,scip-card-2,surgery patients who were taking heart drugs called beta blockers before coming to the hospital who were kept on the beta blockers during the period just before and after their surgery,96%,107 patients,al_scip-card-2
10006,eliza coffee memorial hospital,205 marengo street,,,florence,al,35631,lauderdale,2567688400,acute care hospitals,voluntary non-profit - other,yes,heart attack,ami-3,heart attack patients given ace inhibitor or arb for left ventricular systolic dysfunction (lvsd),93%,43 patients,al_ami-3
10006,eliza coffee memorial hospital,205 marengo street,,,florence,al,35631,lauderdale,2567688400,acute care hospitals,voluntary non-profit - other,yes,surgical infection prevention,scip-inf-4,all heart surgery patients whose blood sugar (blood glucose) is kept under good control in the days right after surgery,89%,130 patients,al_scip-inf-4
10006,eliza coffee memorial hospital,205 marengo street,,,florence,al,35631,lauderdale,2567688400,acute care hospitals,voluntary non-profit - other,yes,surgical infection prevention,scip-inf-1,surgery patients who were given an antibiotic at the right time (within one hour before surgery) to help prevent infection,99%,457 patients,al_scip-inf-1
10045,fayette medical center,1653 temple avenue north,,,fayette,al,35555,fayette,2059325966,acute care hospitals,voluntary non-profit - other,yes,surgical infection prevention,scip-inf-2,surgery patients who were given the  right kind  of antibiotic to help prevent infection,,0 patients,al_scip-inf-2
10045,fayette medical center,1653 temple avenue north,,,fayette,al,35555,fayette,2059325966,acute care hospitals,voluntary non-profit - other,yes,pneumonia,pn-5c,pneumonia patients given initial antibiotic(s) within 6 hours after arrival,97%,109 patients,al_pn-5c
10045,fayette medical center,1653 temple avenue north,,,fayette,al,35555,fayette,2059325966,acute care hospitals,voluntary non-profit - other,yes,surgical infection prevention,scip-inf-2,surgery patients who were given the  right kind  of antibiotic to help prevent infection,,0 patients,al_scip-inf-2
10045,fayette medical center,1653 temple avenue north,,,fayette,al,35555,fayette,2059325966,acute care hospitals,voluntary non-profit - other,yes,heart attack,ami-1,heart attack patients given aspirin at arrival,100%,18 patients,al_ami-1
10045,fayette medical center,1653 temple avenue north,,,fayette,al,35555,fayette,2059325966,acute care hospitals,voluntary non-profit - other,yes,heart attack,ami-4,heart attack patients given smoking cessation advice/counseling,100%,1 patients,al_ami-4
10045,fayette medical center,1653 temple avenue north,,,fayette,al,35555,fayette,2059325966,acute care hospitals,voluntary non-profit - other,yes,surgical infection prevention,scip-inf-1,surgery patients who were given an antibiotic at the right time (within one hour before surgery) to help prevent infection,,0 patients,al_scip-inf-1
10055,flowers hospital,4370 west main street,,,dothan,al,36305,houston,3347935000,acute care hospitals,proprietary,yes,surgical infection prevention,scip-vte-2,patients who got treatment  at the right time (within 24 hours before or after their surgery) to help prevent blood clots after certain types of surgery,100%,497 patients,al_scip-vte-2
10055,flowers hospital,4370 west main street,,,dothan,al,36305,houston,3347935000,acute care hospitals,proprietary,yes,surgical infection prevention,scip-vte-2,patients who got treatment  at the right time (within 24 hours before or after their surgery) to help prevent blood clots after certain types of surgery,100%,497 patients,al_scip-vte-2
10025,g h lanier memorial hospital,4800 48th st,,,valley,al,36854,chambers,3347561400,acute care hospitals,voluntary non-profit - other,yes,heart attack,ami-1,heart attack patients given aspirin at arrival,92%,24 patients,al_ami-1
10025,g h lanier memorial hospital,4800 48th st,,,valley,al,36854,chambers,3347561400,acute care hospitals,voluntary non-profit - other,yes,surgical infection prevention,scip-card-2,surgery patients who were taking heart drugs called beta blockers before coming to the hospital who were kept on the beta blockers during the period just before and after their surgery,32%,19 patients,al_scip-card-2
10025,g h lanier memorial hospital,4800 48th st,,,valley,al,36854,chambers,3347561400,acute care hospitals,voluntary non-profit - other,yes,heart failure,hf-1,heart failure patients given discharge instructions,54%,137 patients,al_hf-1
10025,g h lanier memorial hospital,4800 48th st,,,valley,al,36854,chambers,3347561400,acute care hospitals,voluntary non-profit - other,yes,heart attack,ami-5,heart attack patients given beta blocker at discharge,92%,13 patients,al_ami-5
10025,g h lanier memorial hospital,4800 48th st,,,valley,al,36854,chambers,3347561400,acute care hospitals,voluntary non-profit - other,yes,heart failure,hf-3,heart failure patients given ace inhibitor or arb for left ventricular systolic dysfunction (lvsd),96%,75 patients,al_hf-3
10040,gadsden regional medical center,1007 goodyear avenue,,,gadsden,al,35903,etowah,2564944000,acute care hospitals,proprietary,yes,heart failure,hf-2,heart failure patients given an evaluation of left ventricular systolic (lvs) function,100%,259 patients,al_hf-2
10040,gadsden regional medical center,1007 goodyear avenue,,,gadsden,al,35903,etowah,2564944000,acute care hospitals,proprietary,yes,pneumonia,pn-7,pneumonia patients assessed and given influenza vaccination,96%,187 patients,al_pn-7
10040,gadsden regional medical center,1007 goodyear avenue,,,gadsden,al,35903,etowah,2564944000,acute care hospitals,proprietary,yes,surgical infection prevention,scip-vte-1,surgery patients whose doctors ordered treatments to prevent blood clots after certain types of surgeries,95%,315 patients,al_scip-vte-1
10040,gadsden regional medical center,1007 goodyear avenue,,,gadsden,al,35903,etowah,2564944000,acute care hospitals,proprietary,yes,heart attack,ami-7a,heart attack patients given fibrinolytic medication within 30 minutes of arrival,68%,25 patients,al_ami-7a
10040,gadsden regional medical center,1007 goodyear avenue,,,gadsden,al,35903,etowah,2564944000,acute care hospitals,proprietary,yes,surgical infection prevention,scip-inf-4,all heart surgery patients whose blood sugar (blood glucose) is kept under good control in the days right after surgery,94%,186 patients,al_scip-inf-4
10047,georgiana hospital,515 miranda st,,,georgiana,al,36033,butler,3343762205,acute care hospitals,voluntary non-profit - private,no,pneumonia,pn-7,pneumonia patients assessed and given influenza vaccination,65%,31 patients,al_pn-7
10047,georgiana hospital,515 miranda st,,,georgiana,al,36033,butler,3343762205,acute care hospitals,voluntary non-profit - private,no,pneumonia,pn-6,pneumonia patients given the most appropriate initial antibiotic(s),50%,30 patients,al_pn-6
10009,hartselle medical center,201 pine street northwest,,,hartselle,al,35640,morgan,2567736511,acute care hospitals,proprietary,yes,heart attack,ami-1,heart attack patients given aspirin at arrival,100%,6 patients,al_ami-1
10009,hartselle medical center,201 pine street northwest,,,hartselle,al,35640,morgan,2567736511,acute care hospitals,proprietary,yes,pneumonia,pn-6,pneumonia patients given the most appropriate initial antibiotic(s),100%,45 patients,al_pn-6
10009,hartselle medical center,201 pine street northwest,,,hartselle,al,35640,morgan,2567736511,acute care hospitals,proprietary,yes,pneumonia,pn-6,pneumonia patients given the most appropriate initial antibiotic(s),100%,45 patients,al_pn-6
10009,hartselle medical center,201 pine street northwest,,,hartselle,al,35640,morgan,2567736511,acute care hospitals,proprietary,yes,pneumonia,pn-6,pneumonia patients given the most appropriate initial antibiotic(s),100%,45 patients,al_pn-6
10009,hartselle medical center,201 pine street northwest,,,hartselle,al,35640,morgan,2567736511,acute care hospitals,proprietary,yes,heart attack,ami-4,heart attack patients given smoking cessation advice/counseling,100%,2 patients,al_ami-4
10009,hartselle medical center,201 pine street northwest,,,hartselle,al,35640,morgan,2567736511,acute care hospitals,proprietary,yes,pneumonia,pn-4,pneumonia patients given smoking cessation advice/counseling,100%,25 patients,al_pn-4
10019,helen keller memorial hospital,1300 south montgomery avenue,,,sheffield,al,35660,jefferson,2563864556,acute care hospitals,government - hospital district or authority,yes,surgical infection prevention,scip-inf-4,all heart surgery patients whose blood sugar (blood glucose) is kept under good control in the days right after surgery,,0 patients,al_scip-inf-4
10019,helen keller memorial hospital,1300 south montgomery avenue,,,sheffield,al,35660,jefferson,2563864556,acute care hospitals,government - hospital district or authority,yes,heart failure,hf-2,heart failure patients given an evaluation of left ventricular systolic (lvs) function,99%,149 patients,al_hf-2
10039,huntsville hospital,101 sivley rd,,,huntsville,al,35801,madison,2562651000,acute care hospitals,government - hospital district or authority,yes,pneumonia,pn-7,pneumonia patients assessed and given influenza vaccination,89%,409 patients,al_pn-7
10039,huntsville hospital,101 sivley rd,,,huntsville,al,35801,madison,2562651000,acute care hospitals,government - hospital district or authority,yes,children s asthma care,cac-3,children and their caregivers who received a home management plan of care document while hospitalized for asthma,14%,193 patients,al_cac-3
10039,huntsville hospital,101 sivley rd,,,huntsville,al,35801,madison,2562651000,acute care hospitals,government - hospital district or authority,yes,surgical infection prevention,scip-vte-2,patients who got treatment  at the right time (within 24 hours before or after their surgery) to help prevent blood clots after certain types of surgery,90%,269 patients,al_scip-vte-2
10024,jackson hospital & clinic inc,1725 pine street,,,montgomery,al,36106,montgomery,3342938000,acute care hospitals,voluntary non-profit - private,yes,surgical infection prevention,scip-inf-4,all heart surgery patients whose blood sugar (blood glucose) is kept under good control in the days right after surgery,72%,270 patients,al_scip-inf-4
10024,jackson hospital & clinic inc,1725 pine street,,,montgomery,al,36106,montgomery,3342938000,acute care hospitals,voluntary non-profit - private,yes,surgical infection prevention,scip-card-2,surgery patients who were taking heart drugs called beta blockers before coming to the hospital who were kept on the beta blockers during the period just before and after their surgery,67%,180 patients,al_scip-card-2
10044,marion regional medical center,1256 military street south,,,hamilton,al,35570,marion,2059216200,acute care hospitals,voluntary non-profit - private,yes,pneumonia,pn-5c,pneumonia patients given initial antibiotic(s) within 6 hours after arrival,98%,121 patients,al_pn-5c
10044,marion regional medical center,1256 military street south,,,hamilton,al,35570,marion,2059216200,acute care hospitals,voluntary non-profit - private,yes,heart failure,hf-2,heart failure patients given an evaluation of left ventricular systolic (lvs) function,80%,46 patients,al_hf-2
10044,marion regional medical center,1256 military street south,,,hamilton,al,35570,marion,2059216200,acute care hospitals,voluntary non-profit - private,yes,surgical infection prevention,scip-vte-2,patients who got treatment  at the right time (within 24 hours before or after their surgery) to help prevent blood clots after certain types of surgery,100%,4 patients,al_scip-vte-2
10044,marion regional medical center,1256 military street south,,,hamilton,al,35570,marion,2059216200,acute care hospitals,voluntary non-profit - private,yes,heart attack,ami-5,heart attack patients given beta blocker at discharge,33%,3 patients,al_ami-5
10044,marion regional medical center,1256 military street south,,,hamilton,al,35570,marion,2059216200,acute care hospitals,voluntary non-profit - private,yes,heart attack,ami-4,heart attack patients given smoking cessation advice/counseling,,0 patients,al_ami-4
10010,marshall medical center north,8000 alabama highway 69,,,guntersville,al,35976,marshall,2565718000,acute care hospitals,government - hospital district or authority,yes,surgical infection prevention,scip-card-2,surgery patients who were taking heart drugs called beta blockers before coming to the hospital who were kept on the beta blockers during the period just before and after their surgery,86%,14 patients,al_scip-card-2
10010,marshall medical center north,8000 alabama highway 69,,,guntersville,al,35976,marshall,2565718000,acute care hospitals,government - hospital district or authority,yes,pneumonia,pn-2,pneumonia patients assessed and given pneumococcal vaccination,87%,128 patients,al_pn-2
10010,marshall medical center north,8000 alabama highway 69,,,guntersville,al,35976,marshall,2565718000,acute care hospitals,government - hospital district or authority,yes,surgical infection prevention,scip-card-2,surgery patients who were taking heart drugs called beta blockers before coming to the hospital who were kept on the beta blockers during the period just before and after their surgery,86%,14 patients,al_scip-card-2
10010,marshall medical center north,8000 alabama highway 69,,,guntersville,al,35976,marshall,2565718000,acute care hospitals,government - hospital district or authority,yes,pneumonia,pn-2,pneumonia patients assessed and given pneumococcal vaccination,87%,128 patients,al_pn-2
10005,marshall medical center south,2505 u s highway 431 north,,,boaz,al,35957,marshall,2565938310,acute care hospitals,government - hospital district or authority,yes,surgical infection prevention,scip-inf-3,surgery patients whose preventive antibiotics were stopped at the right time (within 24 hours after surgery),95%,158 patients,al_scip-inf-3
10005,marshall medical center south,2505 u s highway 431 north,,,boaz,al,35957,marshall,2565938310,acute care hospitals,government - hospital district or authority,yes,surgical infection prevention,scip-inf-2,surgery patients who were given the  right kind  of antibiotic to help prevent infection,93%,167 patients,al_scip-inf-2
10005,marshall medical center south,2505 u s highway 431 north,,,boaz,al,35957,marshall,2565938310,acute care hospitals,government - hospital district or authority,yes,heart attack,ami-7a,heart attack patients given fibrinolytic medication within 30 minutes of arrival,,0 patients,al_ami-7a
10049,medical center enterprise,400 n edwards street,,,enterprise,al,36330,coffee,3343470584,acute care hospitals,proprietary,yes,heart failure,hf-4,heart failure patients given smoking cessation advice/counseling,100%,15 patients,al_hf-4
10049,medical center enterprise,400 n edwards street,,,enterprise,al,36330,coffee,3343470584,acute care hospitals,proprietary,yes,surgical infection prevention,scip-vte-2,patients who got treatment  at the right time (within 24 hours before or after their surgery) to help prevent blood clots after certain types of surgery,100%,196 patients,al_scip-vte-2
10049,medical center enterprise,400 n edwards street,,,enterprise,al,36330,coffee,3343470584,acute care hospitals,proprietary,yes,pneumonia,pn-4,pneumonia patients given smoking cessation advice/counseling,100%,24 patients,al_pn-4
10049,medical center enterprise,400 n edwards street,,,enterprise,al,36330,coffee,3343470584,acute care hospitals,proprietary,yes,heart attack,ami-4,heart attack patients given smoking cessation advice/counseling,,0 patients,al_ami-4
10007,mizell memorial hospital,702 n main st,,,opp,al,36467,covington,3344933541,acute care hospitals,voluntary non-profit - private,no,surgical infection prevention,scip-inf-2,surgery patients who were given the  right kind  of antibiotic to help prevent infection,91%,101 patients,al_scip-inf-2
10007,mizell memorial hospital,702 n main st,,,opp,al,36467,covington,3344933541,acute care hospitals,voluntary non-profit - private,no,heart attack,ami-2,heart attack patients given aspirin at discharge,50%,2 patients,al_ami-2
10007,mizell memorial hospital,702 n main st,,,opp,al,36467,covington,3344933541,acute care hospitals,voluntary non-profit - private,no,heart attack,ami-2,heart attack patients given aspirin at discharge,50%,2 patients,al_ami-2
10007,mizell memorial hospital,702 n main st,,,opp,al,36467,covington,3344933541,acute care hospitals,voluntary non-profit - private,no,surgical infection prevention,scip-inf-4,all heart surgery patients whose blood sugar (blood glucose) is kept under good control in the days right after surgery,,0 patients,al_scip-inf-4
10007,mizell memorial hospital,702 n main st,,,opp,al,36467,covington,3344933541,acute care hospitals,voluntary non-profit - private,no,heart attack,ami-3,heart attack patients given ace inhibitor or arb for left ventricular systolic dysfunction (lvsd),,0 patients,al_ami-3
10007,mizell memorial hospital,702 n main st,,,opp,al,36467,covington,3344933541,acute care hospitals,voluntary non-profit - private,no,heart failure,hf-1,heart failure patients given discharge instructions,98%,59 patients,al_hf-1
10007,mizell memorial hospital,702 n main st,,,opp,al,36467,covington,3344933541,acute care hospitals,voluntary non-profit - private,no,heart failure,hf-3,heart failure patients given ace inhibitor or arb for left ventricular systolic dysfunction (lvsd),64%,14 patients,al_hf-3
10086,northwest medical center,1530 u s highway 43,,,winfield,al,35594,marion,2054877736,acute care hospitals,proprietary,yes,heart failure,hf-4,heart failure patients given smoking cessation advice/counseling,100%,14 patients,al_hf-4
10086,northwest medical center,1530 u s highway 43,,,winfield,al,35594,marion,2054877736,acute care hospitals,proprietary,yes,pneumonia,pn-7,pneumonia patients assessed and given influenza vaccination,82%,45 patients,al_pn-7
10086,northwest medical center,1530 u s highway 43,,,winfield,al,35594,marion,2054877736,acute care hospitals,proprietary,yes,pneumonia,pn-2,pneumonia patients assessed and given pneumococcal vaccination,91%,66 patients,al_pn-2
10086,northwest medical center,1530 u s highway 43,,,winfield,al,35594,marion,2054877736,acute care hospitals,proprietary,yes,heart attack,ami-2,heart attack patients given aspirin at discharge,100%,7 patients,al_ami-2
10108,prattville baptist hospital,124 s memorial dr,,,prattville,al,36067,autauga,3343614267,acute care hospitals,voluntary non-profit - private,yes,heart attack,ami-3,heart attack patients given ace inhibitor or arb for left ventricular systolic dysfunction (lvsd),67%,3 patients,al_ami-3
10108,prattville baptist hospital,124 s memorial dr,,,prattville,al,36067,autauga,3343614267,acute care hospitals,voluntary non-profit - private,yes,heart attack,ami-3,heart attack patients given ace inhibitor or arb for left ventricular systolic dysfunction (lvsd),67%,3 patients,al_ami-3
10108,prattville baptist hospital,124 s memorial dr,,,prattville,al,36067,autauga,3343614267,acute care hospitals,voluntary non-profit - private,yes,pneumonia,pn-2,pneumonia patients assessed and given pneumococcal vaccination,94%,116 patients,al_pn-2
10108,prattville baptist hospital,124 s memorial dr,,,prattville,al,36067,autauga,3343614267,acute care hospitals,voluntary non-profit - private,yes,surgical infection prevention,scip-inf-2,surgery patients who were given the  right kind  of antibiotic to help prevent infection,90%,10 patients,al_scip-inf-2
10108,prattville baptist hospital,124 s memorial dr,,,prattville,al,36067,autauga,3343614267,acute care hospitals,voluntary non-profit - private,yes,heart attack,ami-3,heart attack patients given ace inhibitor or arb for left ventricular systolic dysfunction (lvsd),67%,3 patients,al_ami-3
10108,prattville baptist hospital,124 s memorial dr,,,prattville,al,36067,autauga,3343614267,acute care hospitals,voluntary non-profit - private,yes,pneumonia,pn-4,pneumonia patients given smoking cessation advice/counseling,100%,67 patients,al_pn-4
10108,prattville baptist hospital,124 s memorial dr,,,prattville,al,36067,autauga,3343614267,acute care hospitals,voluntary non-profit - private,yes,surgical infection prevention,scip-card-2,surgery patients who were taking heart drugs called beta blockers before coming to the hospital who were kept on the beta blockers during the period just before and after their surgery,100%,1 patients,al_scip-card-2
10108,prattville baptist hospital,124 s memorial dr,,,prattville,al,36067,autauga,3343614267,acute care hospitals,voluntary non-profit - private,yes,pneumonia,pn-4,pneumonia patients given smoking cessation advice/counseling,100%,67 patients,al_pn-4
10046,riverview regional medical center,600 south third street,,,gadsden,al,35901,etowah,2565435200,acute care hospitals,proprietary,yes,surgical infection prevention,scip-inf-3,surgery patients whose preventive antibiotics were stopped at the right time (within 24 hours after surgery),79%,352 patients,al_scip-inf-3
10046,riverview regional medical center,600 south third street,,,gadsden,al,35901,etowah,2565435200,acute care hospitals,proprietary,yes,heart failure,hf-1,heart failure patients given discharge instructions,100%,268 patients,al_hf-1
10158,russellville hospital,15155 highway 43,,,russellville,al,35653,franklin,2563321611,acute care hospitals,proprietary,yes,surgical infection prevention,scip-vte-1,surgery patients whose doctors ordered treatments to prevent blood clots after certain types of surgeries,100%,125 patients,al_scip-vte-1
10016,shelby baptist medical center,1000 first street north,,,alabaster,al,35007,shelby,2056208100,acute care hospitals,voluntary non-profit - church,yes,heart attack,ami-3,heart attack patients given ace inhibitor or arb for left ventricular systolic dysfunction (lvsd),100%,30 patients,al_ami-3
10016,shelby baptist medical center,1000 first street north,,,alabaster,al,35007,shelby,2056208100,acute care hospitals,voluntary non-profit - church,yes,heart attack,ami-5,heart attack patients given beta blocker at discharge,97%,169 patients,al_ami-5
10016,shelby baptist medical center,1000 first street north,,,alabaster,al,35007,shelby,2056208100,acute care hospitals,voluntary non-profit - church,yes,pneumonia,pn-2,pneumonia patients assessed and given pneumococcal vaccination,97%,235 patients,al_pn-2
10001,southeast alabama medical center,1108 ross clark circle,,,dothan,al,36302,houston,3347938701,acute care hospitals,government - hospital district or authority,yes,heart failure,hf-4,heart failure patients given smoking cessation advice/counseling,100%,110 patients,al_hf-4
10001,southeast alabama medical center,1108 ross clark circle,,,dothan,al,36302,houston,3347938701,acute care hospitals,government - hospital district or authority,yes,heart attack,ami-3,heart attack patients given ace inhibitor or arb for left ventricular systolic dysfunction (lvsd),96%,71 patients,al_ami-3
10001,southeast alabama medical center,1108 ross clark circle,,,dothan,al,36302,houston,3347938701,acute care hospitals,government - hospital district or authority,yes,heart failure,hf-1,heart failure patients given discharge instructions,78%,455 patients,al_hf-1
10001,southeast alabama medical center,1108 ross clark circle,,,dothan,al,36302,houston,3347938701,acute care hospitals,government - hospital district or authority,yes,pneumonia,pn-2,pneumonia patients assessed and given pneumococcal vaccination,93%,191 patients,al_pn-2
10001,southeast alabama medical center,1108 ross clark circle,,,dothan,al,36302,houston,3347938701,acute care hospitals,government - hospital district or authority,yes,heart attack,ami-7a,heart attack patients given fibrinolytic medication within 30 minutes of arrival,,0 patients,al_ami-7a
10001,southeast alabama medical center,1108 ross clark circle,,,dothan,al,36302,houston,3347938701,acute care hospitals,government - hospital district or authority,yes,heart failure,hf-4,heart failure patients given smoking cessation advice/counseling,100%,110 patients,al_hf-4
10001,southeast alabama medical center,1108 ross clark circle,,,dothan,al,36302,houston,3347938701,acute care hospitals,government - hospital district or authority,yes,pneumonia,pn-6,pneumonia patients given the most appropriate initial antibiotic(s),80%,147 patients,al_pn-6
10001,southeast alabama medical center,1108 ross clark circle,,,dothan,al,36302,houston,3347938701,acute care hospitals,government - hospital district or authority,yes,surgical infection prevention,scip-inf-6,surgery patients needing hair removed from the surgical area before surgery who had hair removed using a safer method (electric clippers or hair removal cream c not a razor),90%,537 patients,al_scip-inf-6
10015,southwest alabama medical center,33700 highway 43,,,thomasville,al,36784,clarke,3346366221,acute care hospitals,government - federal,yes,heart attack,ami-7a,heart attack patients given fibrinolytic medication within 30 minutes of arrival,,0 patients,al_ami-7a
10015,southwest alabama medical center,33700 highway 43,,,thomasville,al,36784,clarke,3346366221,acute care hospitals,government - federal,yes,pneumonia,pn-5c,pneumonia patients given initial antibiotic(s) within 6 hours after arrival,96%,24 patients,al_pn-5c
10015,southwest alabama medical center,33700 highway 43,,,thomasville,al,36784,clarke,3346366221,acute care hospitals,government - federal,yes,pneumonia,pn-3b,pneumonia patients whose initial emergency room blood culture was performed prior to the administration of the first hospital dose of antibiotics,96%,24 patients,al_pn-3b
10015,southwest alabama medical center,33700 highway 43,,,thomasville,al,36784,clarke,3346366221,acute care hospitals,government - federal,yes,surgical infection prevention,scip-vte-1,surgery patients whose doctors ordered treatments to prevent blood clots after certain types of surgeries,90%,10 patients,al_scip-vte-1
10015,southwest alabama medical center,33700 highway 43,,,thomasville,al,36784,clarke,3346366221,acute care hospitals,government - federal,yes,surgical infection prevention,scip-inf-1,surgery patients who were given an antibiotic at the right time (within one hour before surgery) to help prevent infection,86%,14 patients,al_scip-inf-1
10015,southwest alabama medical center,33700 highway 43,,,thomasville,al,36784,clarke,3346366221,acute care hospitals,government - federal,yes,pneumonia,pn-5c,pneumonia patients given initial antibiotic(s) within 6 hours after arrival,96%,24 patients,al_pn-5c
10015,southwest alabama medical center,33700 highway 43,,,thomasville,al,36784,clarke,3346366221,acute care hospitals,government - federal,yes,heart failure,hf-2,heart failure patients given an evaluation of left ventricular systolic (lvs) function,89%,91 patients,al_hf-2
10015,southwest alabama medical center,33700 highway 43,,,thomasville,al,36784,clarke,3346366221,acute care hospitals,government - federal,yes,heart failure,hf-4,heart failure patients given smoking cessation advice/counseling,88%,17 patients,al_hf-4
10015,southwest alabama medical center,33700 highway 43,,,thomasville,al,36784,clarke,3346366221,acute care hospitals,government - federal,yes,pneumonia,pn-5c,pneumonia patients given initial antibiotic(s) within 6 hours after arrival,96%,24 patients,al_pn-5c
10015,southwest alabama medical center,33700 highway 43,,,thomasville,al,36784,clarke,3346366221,acute care hospitals,government - federal,yes,heart attack,ami-7a,heart attack patients given fibrinolytic medication within 30 minutes of arrival,,0 patients,al_ami-7a
10015,southwest alabama medical center,33700 highway 43,,,thomasville,al,36784,clarke,3346366221,acute care hospitals,government - federal,yes,heart failure,hf-1,heart failure patients given discharge instructions,100%,79 patients,al_hf-1
10050,st vincents blount,150 gilbreath drive,,,oneonta,al,35121,blount,2052743000,acute care hospitals,voluntary non-profit - private,yes,heart failure,hf-2,heart failure patients given an evaluation of left ventricular systolic (lvs) function,85%,34 patients,al_hf-2
10050,st vincents blount,150 gilbreath drive,,,oneonta,al,35121,blount,2052743000,acute care hospitals,voluntary non-profit - private,yes,heart failure,hf-4,heart failure patients given smoking cessation advice/counseling,43%,7 patients,al_hf-4
10050,st vincents blount,150 gilbreath drive,,,oneonta,al,35121,blount,2052743000,acute care hospitals,voluntary non-profit - private,yes,pneumonia,pn-2,pneumonia patients assessed and given pneumococcal vaccination,74%,92 patients,al_pn-2
10050,st vincents blount,150 gilbreath drive,,,oneonta,al,35121,blount,2052743000,acute care hospitals,voluntary non-profit - private,yes,pneumonia,pn-3b,pneumonia patients whose initial emergency room blood culture was performed prior to the administration of the first hospital dose of antibiotics,83%,103 patients,al_pn-3b
10050,st vincents blount,150 gilbreath drive,,,oneonta,al,35121,blount,2052743000,acute care hospitals,voluntary non-profit - private,yes,pneumonia,pn-4,pneumonia patients given smoking cessation advice/counseling,83%,29 patients,al_pn-4
10050,st vincents blount,150 gilbreath drive,,,oneonta,al,35121,blount,2052743000,acute care hospitals,voluntary non-profit - private,yes,heart failure,hf-1,heart failure patients given discharge instructions,50%,24 patients,al_hf-1
10050,st vincents blount,150 gilbreath drive,,,oneonta,al,35121,blount,2052743000,acute care hospitals,voluntary non-profit - private,yes,surgical infection prevention,scip-inf-1,surgery patients who were given an antibiotic at the right time (within one hour before surgery) to help prevent infection,64%,28 patients,al_scip-inf-1
10050,st vincents blount,150 gilbreath drive,,,oneonta,al,35121,blount,2052743000,acute care hospitals,voluntary non-profit - private,yes,heart failure,hf-2,heart failure patients given an evaluation of left ventricular systolic (lvs) function,85%,34 patients,al_hf-2
10050,st vincents blount,150 gilbreath drive,,,oneonta,al,35121,blount,2052743000,acute care hospitals,voluntary non-profit - private,yes,pneumonia,pn-6,pneumonia patients given the most appropriate initial antibiotic(s),77%,74 patients,al_pn-6
10011,st vincents east,50 medical park east drive,,,birmingham,al,35235,jefferson,2058383122,acute care hospitals,voluntary non-profit - private,yes,surgical infection prevention,scip-inf-3,surgery patients whose preventive antibiotics were stopped at the right time (within 24 hours after surgery),81%,442 patients,al_scip-inf-3
10011,st vincents east,50 medical park east drive,,,birmingham,al,35235,jefferson,2058383122,acute care hospitals,voluntary non-profit - private,yes,pneumonia,pn-7,pneumonia patients assessed and given influenza vaccination,85%,89 patients,al_pn-7
10011,st vincents east,50 medical park east drive,,,birmingham,al,35235,jefferson,2058383122,acute care hospitals,voluntary non-profit - private,yes,heart failure,hf-4,heart failure patients given smoking cessation advice/counseling,100%,69 patients,al_hf-4
10011,st vincents east,50 medical park east drive,,,birmingham,al,35235,jefferson,2058383122,acute care hospitals,voluntary non-profit - private,yes,heart failure,hf-2,heart failure patients given an evaluation of left ventricular systolic (lvs) function,98%,372 patients,al_hf-2
10011,st vincents east,50 medical park east drive,,,birmingham,al,35235,jefferson,2058383122,acute care hospitals,voluntary non-profit - private,yes,surgical infection prevention,scip-inf-3,surgery patients whose preventive antibiotics were stopped at the right time (within 24 hours after surgery),81%,442 patients,al_scip-inf-3
10038,stringfellow memorial hospital,301 east 18th st,,,anniston,al,36201,calhoun,2562358900,acute care hospitals,proprietary,yes,heart failure,hf-3,heart failure patients given ace inhibitor or arb for left ventricular systolic dysfunction (lvsd),90%,49 patients,al_hf-3
10038,stringfellow memorial hospital,301 east 18th st,,,anniston,al,36201,calhoun,2562358900,acute care hospitals,proprietary,yes,surgical infection prevention,scip-inf-6,surgery patients needing hair removed from the surgical area before surgery who had hair removed using a safer method (electric clippers or hair removal cream c not a razor),100%,195 patients,al_scip-inf-6
10038,stringfellow memorial hospital,301 east 18th st,,,anniston,al,36201,calhoun,2562358900,acute care hospitals,proprietary,yes,pneumonia,pn-4,pneumonia patients given smoking cessation advice/counseling,100%,83 patients,al_pn-4
10038,stringfellow memorial hospital,301 east 18th st,,,anniston,al,36201,calhoun,2562358900,acute care hospitals,proprietary,yes,heart failure,hf-2,heart failure patients given an evaluation of left ventricular systolic (lvs) function,100%,157 patients,al_hf-2
10038,stringfellow memorial hospital,301 east 18th st,,,anniston,al,36201,calhoun,2562358900,acute care hospitals,proprietary,yes,surgical infection prevention,scip-inf-6,surgery patients needing hair removed from the surgical area before surgery who had hair removed using a safer method (electric clippers or hair removal cream c not a razor),100%,195 patients,al_scip-inf-6
10038,stringfellow memorial hospital,301 east 18th st,,,anniston,al,36201,calhoun,2562358900,acute care hospitals,proprietary,yes,children s asthma care,cac-1,children who received reliever medication while hospitalized for asthma,100%,9 patients,al_cac-1
10038,stringfellow memorial hospital,301 east 18th st,,,anniston,al,36201,calhoun,2562358900,acute care hospitals,proprietary,yes,pneumonia,pn-3b,pneumonia patients whose initial emergency room blood culture was performed prior to the administration of the first hospital dose of antibiotics,100%,102 patients,al_pn-3b
10087,univ of south alabama medical center,2451 fillingim street,,,mobile,al,36617,mobile,2514717110,acute care hospitals,government - state,yes,pneumonia,pn-3b,pneumonia patients whose initial emergency room blood culture was performed prior to the administration of the first hospital dose of antibiotics,89%,35 patients,al_pn-3b
10087,univ of south alabama medical center,2451 fillingim street,,,mobile,al,36617,mobile,2514717110,acute care hospitals,government - state,yes,heart attack,ami-7a,heart attack patients given fibrinolytic medication within 30 minutes of arrival,,0 patients,al_ami-7a
10087,univ of south alabama medical center,2451 fillingim street,,,mobile,al,36617,mobile,2514717110,acute care hospitals,government - state,yes,heart attack,ami-2,heart attack patients given aspirin at discharge,97%,91 patients,al_ami-2
10033,university of alabama hospital,619 south 19th street,,,birmingham,al,35233,jefferson,2059344011,acute care hospitals,government - state,yes,surgical infection prevention,scip-card-2,surgery patients who were taking heart drugs called beta blockers before coming to the hospital who were kept on the beta blockers during the period just before and after their surgery,69%,94 patients,al_scip-card-2
10033,university of alabama hospital,619 south 19th street,,,birmingham,al,35233,jefferson,2059344011,acute care hospitals,government - state,yes,surgical infection prevention,scip-inf-4,all heart surgery patients whose blood sugar (blood glucose) is kept under good control in the days right after surgery,76%,140 patients,al_scip-inf-4
10033,university of alabama hospital,619 south 19th street,,,birmingham,al,35233,jefferson,2059344011,acute care hospitals,government - state,yes,heart failure,hf-3,heart failure patients given ace inhibitor or arb for left ventricular systolic dysfunction (lvsd),94%,343 patients,al_hf-3
10033,university of alabama hospital,619 south 19th street,,,birmingham,al,35233,jefferson,2059344011,acute care hospitals,government - state,yes,heart attack,ami-8a,heart attack patients given pci within 90 minutes of arrival,98%,47 patients,al_ami-8a
10033,university of alabama hospital,619 south 19th street,,,birmingham,al,35233,jefferson,2059344011,acute care hospitals,government - state,yes,surgical infection prevention,scip-card-2,surgery patients who were taking heart drugs called beta blockers before coming to the hospital who were kept on the beta blockers during the period just before and after their surgery,69%,94 patients,al_scip-card-2
10032,wedowee hospital,209 north main street,,,wedowee,al,36278,randolph,2563572111,acute care hospitals,government - local,no,pneumonia,pn-2,pneumonia patients assessed and given pneumococcal vaccination,25%,28 patients,al_pn-2
10032,wedowee hospital,209 north main street,,,wedowee,al,36278,randolph,2563572111,acute care hospitals,government - local,no,surgical infection prevention,scip-vte-1,surgery patients whose doctors ordered treatments to prevent blood clots after certain types of surgeries,,,al_scip-vte-1
10032,wedowee hospital,209 north main street,,,wedowee,al,36278,randolph,2563572111,acute care hospitals,government - local,no,heart failure,hf-2,heart failure patients given an evaluation of left ventricular systolic (lvs) function,38%,39 patients,al_hf-2
10032,wedowee hospital,209 north main street,,,wedowee,al,36278,randolph,2563572111,acute care hospitals,government - local,no,surgical infection prevention,scip-inf-3,surgery patients whose preventive antibiotics were stopped at the right time (within 24 hours after surgery),,,al_scip-inf-3
10032,wedowee hospital,209 north main street,,,wedowee,al,36278,randolph,2563572111,acute care hospitals,government - local,no,surgical infection prevention,scip-inf-4,all heart surgery patients whose blood sugar (blood glucose) is kept under good control in the days right after surgery,,,al_scip-inf-4
10032,wedowee hospital,209 north main street,,,wedowee,al,36278,randolph,2563572111,acute care hospitals,government - local,no,heart failure,hf-4,heart failure patients given smoking cessation advice/counseling,100%,2 patients,al_hf-4
10032,wedowee hospital,209 north main street,,,wedowee,al,36278,randolph,2563572111,acute care hospitals,government - local,no,pneumonia,pn-3b,pneumonia patients whose initial emergency room blood culture was performed prior to the administration of the first hospital dose of antibiotics,100%,14 patients,al_pn-3b
10032,wedowee hospital,209 north main street,,,wedowee,al,36278,randolph,2563572111,acute care hospitals,government - local,no,surgical infection prevention,scip-vte-1,surgery patients whose doctors ordered treatments to prevent blood clots after certain types of surgeries,,,al_scip-vte-1
